id;name;genre;url_image;url_image_content_type;duration;active;date
1;extensible Directo 24;driver;../fake-data/blob/hipster.png;image/png;77032;false;2021-11-26
2;Nuevo la Consultor;Decoración;../fake-data/blob/hipster.png;image/png;18279;true;2021-11-26
3;back-end parsing;base circuit;../fake-data/blob/hipster.png;image/png;9561;true;2021-11-26
4;ADP Operaciones;Refinado;../fake-data/blob/hipster.png;image/png;9639;false;2021-11-26
5;Re-contextualizado Cataluña Re;Carretera circuito optical;../fake-data/blob/hipster.png;image/png;30287;false;2021-11-25
6;aggregate;invoice connecting Patatas;../fake-data/blob/hipster.png;image/png;72881;false;2021-11-26
7;systems Cliente;Factores engineer Arrabal;../fake-data/blob/hipster.png;image/png;77201;false;2021-11-26
8;invoice Buckinghamshire;transmit;../fake-data/blob/hipster.png;image/png;84918;false;2021-11-26
9;Guapo;Madera compress Kwanza;../fake-data/blob/hipster.png;image/png;44740;false;2021-11-25
10;Berkshire;panel Producto;../fake-data/blob/hipster.png;image/png;75955;false;2021-11-26
